{"loss": [0.5914984345436096, 0.5527589321136475, 0.5359479188919067, 0.5204784870147705, 0.5088170170783997, 0.4998719096183777, 0.4920227527618408, 0.48662397265434265, 0.48088109493255615, 0.4757653474807739, 0.47253236174583435, 0.4692951440811157, 0.46546441316604614], "accuracy": [0.7688584923744202, 0.8009998798370361, 0.8200489282608032, 0.8360753059387207, 0.8483964800834656, 0.8565958142280579, 0.8637846112251282, 0.869023323059082, 0.8737035989761353, 0.8789334893226624, 0.8819916248321533, 0.8846420049667358, 0.8876026272773743], "balanced_acc_m": [0.7684146761894226, 0.8011001944541931, 0.8201211094856262, 0.8358449339866638, 0.8483445644378662, 0.8565031290054321, 0.8641359210014343, 0.8688309788703918, 0.8738953471183777, 0.8788237571716309, 0.8817313313484192, 0.8846542239189148, 0.8875699043273926], "precision_m": [0.782537579536438, 0.8081563115119934, 0.8275945782661438, 0.842902660369873, 0.8541601896286011, 0.8622801899909973, 0.8692585825920105, 0.8746693134307861, 0.8799277544021606, 0.8853797912597656, 0.887967586517334, 0.8897814750671387, 0.893508791923523], "recall_m": [0.746828019618988, 0.7910104990005493, 0.8087586760520935, 0.8261659741401672, 0.8404996395111084, 0.8486335873603821, 0.8572577238082886, 0.8615207076072693, 0.8656128644943237, 0.8706217408180237, 0.87389075756073, 0.8776977062225342, 0.8810878396034241], "f1_m": [0.7599829435348511, 0.796572208404541, 0.815456211566925, 0.8321885466575623, 0.8450048565864563, 0.853365421295166, 0.8610426187515259, 0.8660674095153809, 0.8707336187362671, 0.8761004209518433, 0.8791744112968445, 0.8819730281829834, 0.8855379223823547], "mcc_m": [0.5385980010032654, 0.6027618050575256, 0.6405168175697327, 0.6722885966300964, 0.6969256401062012, 0.713071346282959, 0.7281987071037292, 0.7381858229637146, 0.7477469444274902, 0.7580665946006775, 0.7638958692550659, 0.7692691683769226, 0.7754788994789124], "auc": [0.830743670463562, 0.8558014035224915, 0.8676823973655701, 0.8765699863433838, 0.8842449188232422, 0.8901727199554443, 0.8946167826652527, 0.8975804448127747, 0.9021847248077393, 0.9048410654067993, 0.9069772362709045, 0.9091330170631409, 0.9124961495399475], "val_loss": [0.5487544536590576, 0.5548341870307922, 0.5456251502037048, 0.5529082417488098, 0.5520696640014648, 0.5560755729675293, 0.5645081400871277, 0.5621370673179626, 0.5611705183982849, 0.567927360534668, 0.5754404664039612, 0.5721361637115479, 0.5694845914840698], "val_accuracy": [0.8053393363952637, 0.7988063097000122, 0.8071944117546082, 0.803443968296051, 0.8042101860046387, 0.8039682507514954, 0.7971932291984558, 0.8009436726570129, 0.8025164604187012, 0.7988869547843933, 0.7922329306602478, 0.7974755167961121, 0.7982417345046997], "val_balanced_acc_m": [0.8054982423782349, 0.8035091161727905, 0.803926944732666, 0.8043687343597412, 0.8036037087440491, 0.8020083904266357, 0.8001350164413452, 0.7988163828849792, 0.7987375855445862, 0.7989791631698608, 0.7949137091636658, 0.7971007227897644, 0.7984851002693176], "val_precision_m": [0.7579764723777771, 0.7349280714988708, 0.775268018245697, 0.7524598836898804, 0.7604493498802185, 0.7662838697433472, 0.7385302782058716, 0.7626101970672607, 0.7715981006622314, 0.7508038282394409, 0.7342900633811951, 0.750291645526886, 0.749299168586731], "val_recall_m": [0.8068614602088928, 0.8358469605445862, 0.7792370915412903, 0.8109296560287476, 0.7976301312446594, 0.786126971244812, 0.820984423160553, 0.7825875282287598, 0.7692856788635254, 0.7982312440872192, 0.81376051902771, 0.7952603101730347, 0.8007127642631531], "val_f1_m": [0.7784169912338257, 0.7788058519363403, 0.7738304734230042, 0.7774340510368347, 0.7753584384918213, 0.772750198841095, 0.774434506893158, 0.7691496014595032, 0.7671190500259399, 0.770566463470459, 0.7685836553573608, 0.7688444256782532, 0.7709876894950867], "val_mcc_m": [0.6070172190666199, 0.6011263728141785, 0.6072348952293396, 0.6042055487632751, 0.6037393808364868, 0.6020147800445557, 0.5947515964508057, 0.5955219268798828, 0.5971190333366394, 0.5938577055931091, 0.5846832394599915, 0.5905919075012207, 0.5929237008094788], "val_auc": [0.8719861507415771, 0.8656864762306213, 0.8631511330604553, 0.8472880125045776, 0.8504266738891602, 0.8404541611671448, 0.8372214436531067, 0.8363264799118042, 0.8340241312980652, 0.834257960319519, 0.8287919759750366, 0.8315219879150391, 0.8299544453620911]}