{"loss": [0.6651138067245483, 0.5166195034980774, 0.48838675022125244, 0.477369487285614, 0.47084441781044006, 0.4665277898311615, 0.46255266666412354, 0.45775818824768066, 0.45306679606437683, 0.4480271339416504, 0.4442049562931061, 0.4398365020751953], "accuracy": [0.6797383427619934, 0.7935805916786194, 0.8066020011901855, 0.8120712041854858, 0.8153066039085388, 0.8193575143814087, 0.8213874101638794, 0.8238516449928284, 0.8266792893409729, 0.8292055726051331, 0.8328930735588074, 0.8356143832206726], "balanced_acc_m": [0.6795074343681335, 0.7937562465667725, 0.8065527081489563, 0.8117787837982178, 0.8156655430793762, 0.8192532062530518, 0.8215694427490234, 0.8239912986755371, 0.8264655470848083, 0.8294216394424438, 0.8328074812889099, 0.8356494903564453], "precision_m": [0.6955737471580505, 0.7954301834106445, 0.8076237440109253, 0.8124842047691345, 0.8143540620803833, 0.8165040016174316, 0.8195288181304932, 0.822568416595459, 0.8262516856193542, 0.8309481143951416, 0.8350802659988403, 0.84049391746521], "recall_m": [0.6501538157463074, 0.7918274402618408, 0.80586177110672, 0.8124451041221619, 0.8179705739021301, 0.8240575790405273, 0.825539767742157, 0.8260619640350342, 0.8272286057472229, 0.8271626234054565, 0.830303430557251, 0.8293046355247498], "f1_m": [0.6550782322883606, 0.7902780175209045, 0.8038167357444763, 0.8096123337745667, 0.8134377002716064, 0.8176653981208801, 0.819790780544281, 0.8217679262161255, 0.8241227865219116, 0.8265132904052734, 0.8302664160728455, 0.8323500752449036], "mcc_m": [0.3647463619709015, 0.5881057977676392, 0.6136450171470642, 0.6245434284210205, 0.6314640045166016, 0.638801634311676, 0.6435824632644653, 0.6482186913490295, 0.6532887816429138, 0.6589920520782471, 0.6659925580024719, 0.6715954542160034], "auc": [0.7625324726104736, 0.8660591244697571, 0.8768529891967773, 0.8812527656555176, 0.8844510316848755, 0.885700523853302, 0.8874306678771973, 0.890183687210083, 0.8920921683311462, 0.8946612477302551, 0.8958311676979065, 0.8973144292831421], "val_loss": [0.514957845211029, 0.48197925090789795, 0.484050452709198, 0.4801334738731384, 0.4871410131454468, 0.4848010838031769, 0.4861230254173279, 0.4997812807559967, 0.49177131056785583, 0.49484896659851074, 0.4976109564304352, 0.49581295251846313], "val_accuracy": [0.8015888929367065, 0.8123160004615784, 0.8100576400756836, 0.8092511296272278, 0.7983627319335938, 0.8050167560577393, 0.8040488958358765, 0.7898939251899719, 0.7992095947265625, 0.7972738742828369, 0.7987256646156311, 0.7953784465789795], "val_balanced_acc_m": [0.8020671606063843, 0.811734676361084, 0.8116181492805481, 0.8097565770149231, 0.8032064437866211, 0.8057331442832947, 0.8052152395248413, 0.7949304580688477, 0.8012681007385254, 0.798353910446167, 0.7984924912452698, 0.7922574877738953], "val_precision_m": [0.7533677220344543, 0.7690324783325195, 0.7575727105140686, 0.7620189189910889, 0.7327753305435181, 0.7562990188598633, 0.7535176277160645, 0.7222578525543213, 0.7445188760757446, 0.7455171942710876, 0.7520046234130859, 0.7595188617706299], "val_recall_m": [0.8043914437294006, 0.8072187900543213, 0.8224815130233765, 0.8118431568145752, 0.8379228115081787, 0.8086749315261841, 0.8112266063690186, 0.8326433897018433, 0.8145509958267212, 0.805016815662384, 0.7953776717185974, 0.7692417502403259], "val_f1_m": [0.7749673128128052, 0.7847364544868469, 0.785736620426178, 0.7829067707061768, 0.7787426710128784, 0.7783070206642151, 0.7780225276947021, 0.7703498005867004, 0.7745440006256104, 0.7706242799758911, 0.7695984244346619, 0.7606285214424133], "val_mcc_m": [0.5997917056083679, 0.6198626756668091, 0.6180667877197266, 0.6153308153152466, 0.6005018949508667, 0.6070935130119324, 0.6056818962097168, 0.5842239856719971, 0.5975998044013977, 0.5923541784286499, 0.5934082269668579, 0.5835974216461182], "val_auc": [0.881268322467804, 0.8862542510032654, 0.8885966539382935, 0.8885772824287415, 0.8871476054191589, 0.8807777762413025, 0.8827567100524902, 0.879437267780304, 0.8738580942153931, 0.8704360723495483, 0.8672063946723938, 0.8707196116447449]}