{
	"val_loss": [
		0.3740449547767639,
		0.3811253607273102,
		0.5316647291183472,
		0.5370105504989624,
		0.7013223171234131,
		0.6036033630371094,
		0.6257965564727783,
		0.6966352462768555,
		0.6932892799377441,
		0.6964808702468872,
		0.6931784749031067
	],
	"val_accuracy": [
		0.8380852522482558,
		0.8368754284792516,
		0.8318344961084002,
		0.827398475622051,
		0.4313021736500383,
		0.6120901721982498,
		0.5883776263257652,
		0.4313021736500383,
		0.4313021736500383,
		0.4313021736500383,
		0.5686978263499617
	]
}