{
	"val_loss": [
		0.3572167754173279,
		0.3563902974128723,
		0.4875233769416809,
		0.5607500672340393,
		0.6077048778533936,
		0.6171350479125977,
		0.6746897101402283,
		0.6539864540100098,
		0.6916249990463257,
		0.6975539922714233,
		0.693595826625824,
		0.6947580575942993
	],
	"val_accuracy": [
		0.8444973182239787,
		0.8454651772391821,
		0.8403435899503973,
		0.8330846473363713,
		0.8323587530749688,
		0.8300600879138605,
		0.8265919264427148,
		0.8000967859015203,
		0.5752308747025849,
		0.4313021736500383,
		0.5686978263499617,
		0.5686978263499617
	]
}