{"loss": [0.6162642240524292, 0.5495322346687317, 0.5359582901000977, 0.5256147980690002, 0.5171167254447937, 0.5092757344245911, 0.5023670196533203, 0.4968394935131073, 0.49236658215522766, 0.4872695803642273, 0.48282772302627563, 0.47967031598091125, 0.47533273696899414, 0.4729170501232147], "accuracy": [0.7708174586296082, 0.8037566542625427, 0.8183292746543884, 0.8297197222709656, 0.8389384150505066, 0.847022533416748, 0.8532540202140808, 0.8594943881034851, 0.863651692867279, 0.8683585524559021, 0.8721878528594971, 0.8750243782997131, 0.8791018724441528, 0.8814243078231812], "balanced_acc_m": [0.7711843848228455, 0.803800106048584, 0.8181663155555725, 0.829467236995697, 0.8390733003616333, 0.8469753861427307, 0.8531292080879211, 0.8592513799667358, 0.8636497855186462, 0.8685997128486633, 0.8720947504043579, 0.8750783801078796, 0.8789111375808716, 0.8814060688018799], "precision_m": [0.7873529195785522, 0.8122031092643738, 0.8246871829032898, 0.8364976644515991, 0.8449390530586243, 0.852712869644165, 0.8598200678825378, 0.8661862015724182, 0.8709517121315002, 0.8746467232704163, 0.8780296444892883, 0.879758894443512, 0.8855113387107849, 0.8879031538963318], "recall_m": [0.747921884059906, 0.7910735011100769, 0.8093240261077881, 0.8206387758255005, 0.8315178751945496, 0.838721513748169, 0.8448102474212646, 0.8505698442459106, 0.8542256951332092, 0.8604092597961426, 0.8643649816513062, 0.869177520275116, 0.870690107345581, 0.8729739189147949], "f1_m": [0.762754499912262, 0.798527181148529, 0.814304769039154, 0.825893759727478, 0.8357373476028442, 0.8433136940002441, 0.8500198125839233, 0.8563082814216614, 0.8605649471282959, 0.8655079007148743, 0.8692922592163086, 0.8726128339767456, 0.876338541507721, 0.878616213798523], "mcc_m": [0.5442399978637695, 0.6082128882408142, 0.6368617415428162, 0.6597157716751099, 0.6784607768058777, 0.6941745281219482, 0.7068420052528381, 0.718917965888977, 0.7276460528373718, 0.7369663715362549, 0.7445536851882935, 0.7502231001853943, 0.7582216858863831, 0.7629684209823608], "auc": [0.8309884667396545, 0.8647684454917908, 0.8715972304344177, 0.8783580660820007, 0.8809380531311035, 0.8857622742652893, 0.8896912932395935, 0.8916159868240356, 0.8945583701133728, 0.8966835737228394, 0.8999912738800049, 0.9031259417533875, 0.9031665921211243, 0.9045454263687134], "val_loss": [0.5468569397926331, 0.549582839012146, 0.5573062896728516, 0.5455918312072754, 0.5532429218292236, 0.555383563041687, 0.5516695380210876, 0.5620128512382507, 0.5611187219619751, 0.569176971912384, 0.5619853734970093, 0.5638471245765686, 0.5638554692268372, 0.5715095400810242], "val_accuracy": [0.804734468460083, 0.8035246133804321, 0.7927168607711792, 0.8090897798538208, 0.8020728230476379, 0.8025971055030823, 0.8043311834335327, 0.7983223795890808, 0.8007420301437378, 0.7950155138969421, 0.8027583956718445, 0.8009436726570129, 0.8001774549484253, 0.7966286540031433], "val_balanced_acc_m": [0.8071471452713013, 0.8074310421943665, 0.7994322776794434, 0.8089666962623596, 0.8026610016822815, 0.8006818294525146, 0.8026485443115234, 0.7994399666786194, 0.8009079694747925, 0.7981651425361633, 0.8027946949005127, 0.8007264137268066, 0.7987852096557617, 0.7987847924232483], "val_precision_m": [0.7493758797645569, 0.7433804273605347, 0.7217424511909485, 0.7661356925964355, 0.7549813389778137, 0.7659822702407837, 0.7654449343681335, 0.7480699419975281, 0.753696858882904, 0.7382583618164062, 0.7567775845527649, 0.7561239004135132, 0.7605630159378052, 0.7414208650588989], "val_recall_m": [0.8234980702400208, 0.8325313925743103, 0.846394419670105, 0.8037572503089905, 0.8032481670379639, 0.7826616764068604, 0.7880118489265442, 0.804186224937439, 0.8002277612686157, 0.8153074383735657, 0.8006426095962524, 0.7962404489517212, 0.7854174375534058, 0.8125370740890503], "val_f1_m": [0.7815173268318176, 0.782193124294281, 0.7758544683456421, 0.7810031771659851, 0.7746522426605225, 0.77033531665802, 0.773084282875061, 0.7714226841926575, 0.7726742625236511, 0.7712575197219849, 0.7745410203933716, 0.7720695734024048, 0.7691323161125183, 0.7719831466674805], "val_mcc_m": [0.6088952422142029, 0.6088533401489258, 0.592903733253479, 0.6142683625221252, 0.601358950138092, 0.5996313095092773, 0.6028903126716614, 0.5945551991462708, 0.5982096791267395, 0.5907168388366699, 0.6018919944763184, 0.5980784893035889, 0.5952655673027039, 0.5924520492553711], "val_auc": [0.8824853301048279, 0.8734766840934753, 0.8670839071273804, 0.857459306716919, 0.8519117832183838, 0.8434029221534729, 0.8479853868484497, 0.8412284851074219, 0.8386988639831543, 0.8300325870513916, 0.8420533537864685, 0.840100884437561, 0.8358136415481567, 0.8321689367294312]}